{"cameraMode":{"drawMode":0,"name":"Shaded","section":"Shading Mode"},"sceneLighting":true,"audioPlay":false,"sceneViewState":{"showFog":true,"showMaterialUpdate":false,"showSkybox":true,"showFlares":true,"showImageEffects":true,"showParticleSystems":true},"in2DMode":false,"pivot":{"x":-135.3297882080078,"y":-200.45977783203126,"z":-142.12864685058595},"rotation":{"x":-0.244227796792984,"y":0.7418510317802429,"z":-0.3514861464500427,"w":-0.5165512561798096},"size":366.75762939453127,"orthographic":false}