{"cameraMode":{"drawMode":0,"name":"Shaded","section":"Shading Mode"},"sceneLighting":false,"audioPlay":false,"sceneViewState":{"showFog":true,"showMaterialUpdate":false,"showSkybox":false,"showFlares":true,"showImageEffects":true,"showParticleSystems":true},"in2DMode":false,"pivot":{"x":-11.857769966125489,"y":-4.2566142082214359,"z":2.14103364944458},"rotation":{"x":-0.07946722209453583,"y":0.884135901927948,"z":-0.16343171894550324,"w":-0.4309834837913513},"size":19.889848709106447,"orthographic":false}