{"cameraMode":{"drawMode":0,"name":"Shaded","section":"Shading Mode"},"sceneLighting":true,"audioPlay":false,"sceneViewState":{"showFog":true,"showMaterialUpdate":false,"showSkybox":true,"showFlares":true,"showImageEffects":true,"showParticleSystems":true},"in2DMode":false,"pivot":{"x":-4.394902229309082,"y":-3.3599061965942385,"z":23.221935272216798},"rotation":{"x":0.2927691340446472,"y":-0.24207627773284913,"z":0.07685136049985886,"w":0.9218737483024597},"size":13.676727294921875,"orthographic":false}