{"cameraMode":{"drawMode":0,"name":"Shaded","section":"Shading Mode"},"sceneLighting":false,"audioPlay":false,"sceneViewState":{"showFog":true,"showMaterialUpdate":false,"showSkybox":false,"showFlares":true,"showImageEffects":true,"showParticleSystems":true},"in2DMode":false,"pivot":{"x":351.7701721191406,"y":192.26893615722657,"z":-84.87166595458985},"rotation":{"x":0.017094526439905168,"y":-0.9828328490257263,"z":0.1407286822795868,"w":0.12053710967302323},"size":1.5452344417572022,"orthographic":false}