{"cameraMode":{"drawMode":0,"name":"Shaded","section":"Shading Mode"},"sceneLighting":true,"audioPlay":false,"sceneViewState":{"showFog":true,"showMaterialUpdate":false,"showSkybox":true,"showFlares":true,"showImageEffects":true,"showParticleSystems":true},"in2DMode":false,"pivot":{"x":3.4741008281707765,"y":1.578639268875122,"z":10.797656059265137},"rotation":{"x":-0.13006238639354707,"y":0.6455511450767517,"z":-0.11292759329080582,"w":-0.7441259026527405},"size":15.780202865600586,"orthographic":false}