{"cameraMode":{"drawMode":0,"name":"Shaded","section":"Shading Mode"},"sceneLighting":false,"audioPlay":false,"sceneViewState":{"showFog":true,"showMaterialUpdate":false,"showSkybox":false,"showFlares":true,"showImageEffects":true,"showParticleSystems":true},"in2DMode":false,"pivot":{"x":-3.6496002674102785,"y":-0.224812313914299,"z":9.212814331054688},"rotation":{"x":-0.06163124367594719,"y":0.881452739238739,"z":-0.12001971155405045,"w":-0.45311418175697329},"size":5.823788166046143,"orthographic":false}