{"cameraMode":{"drawMode":0,"name":"Shaded","section":"Shading Mode"},"sceneLighting":false,"audioPlay":false,"sceneViewState":{"showFog":true,"showMaterialUpdate":false,"showSkybox":false,"showFlares":true,"showImageEffects":true,"showParticleSystems":true},"in2DMode":false,"pivot":{"x":5.537416934967041,"y":-1.3761745691299439,"z":2.1244308948516847},"rotation":{"x":0.09213197231292725,"y":0.5638986229896545,"z":-0.06368719786405564,"w":0.8186202645301819},"size":6.7920732498168949,"orthographic":false}