{"cameraMode":{"drawMode":0,"name":"Shaded","section":"Shading Mode"},"sceneLighting":false,"audioPlay":false,"sceneViewState":{"showFog":true,"showMaterialUpdate":false,"showSkybox":false,"showFlares":true,"showImageEffects":true,"showParticleSystems":true},"in2DMode":false,"pivot":{"x":-0.86537766456604,"y":-0.25636082887649538,"z":-0.06205226108431816},"rotation":{"x":0.14311374723911286,"y":-0.3138790726661682,"z":0.04792395606637001,"w":0.937415599822998},"size":6.0504279136657719,"orthographic":false}