{"cameraMode":{"drawMode":0,"name":"Shaded","section":"Shading Mode"},"sceneLighting":false,"audioPlay":false,"sceneViewState":{"showFog":true,"showMaterialUpdate":false,"showSkybox":false,"showFlares":true,"showImageEffects":true,"showParticleSystems":true},"in2DMode":false,"pivot":{"x":-0.8813836574554443,"y":-1.4525620937347413,"z":0.015023648738861084},"rotation":{"x":-0.2675013244152069,"y":-0.6287378668785095,"z":0.2444499135017395,"w":-0.6880277395248413},"size":9.26839828491211,"orthographic":false}