{"cameraMode":{"drawMode":0,"name":"Shaded","section":"Shading Mode"},"sceneLighting":true,"audioPlay":false,"sceneViewState":{"showFog":true,"showMaterialUpdate":false,"showSkybox":true,"showFlares":true,"showImageEffects":true,"showParticleSystems":true},"in2DMode":false,"pivot":{"x":40.60084533691406,"y":23.604793548583986,"z":-19.521381378173829},"rotation":{"x":-0.29725897312164309,"y":0.5929485559463501,"z":-0.24985507130622865,"w":-0.7057797908782959},"size":73.9547348022461,"orthographic":false}